variant_id,product_id,size_label,color_label,price_fen,stock_qty,shipping_fee_fen,inventory_status,inventory_updated_at
V001,P001,M,白色,5900,50,0,in_stock,2026-10-07T19:46:22.856102
V002,P001,L,白色,5900,30,0,in_stock,2026-10-07T19:46:22.856102
V003,P002,M,蓝白,12900,20,0,in_stock,2026-10-07T19:46:22.856102
V004,P002,L,蓝白,12900,15,0,in_stock,2026-10-07T19:46:22.856102
V005,P003,S,黑色,8900,10,0,in_stock,2026-10-07T19:46:22.856102
V006,P003,M,黑色,8900,0,0,out_of_stock,2026-10-07T19:46:22.856102
V007,P003,L,黑色,8900,8,0,in_stock,2026-10-07T19:46:22.856102
V008,P004,M,米色,-1,25,0,in_stock,2026-10-07T19:46:22.856102
V009,P004,L,米色,-1,20,0,in_stock,2026-10-07T19:46:22.856102
V010,P005,M,灰色,19900,0,0,out_of_stock,2026-10-07T19:46:22.856102
V011,P005,L,灰色,19900,0,0,out_of_stock,2026-10-07T19:46:22.856102
V012,P006,M,黑色,29900,100,0,in_stock,2026-10-07T19:46:22.856102
V013,P006,L,黑色,29900,80,0,in_stock,2026-10-07T19:46:22.856102
V014,P007,M,蓝色,15900,40,0,in_stock,2026-10-07T19:46:22.856102
V015,P007,L,蓝色,15900,35,0,in_stock,2026-10-07T19:46:22.856102
V016,P008,M,黑色,13900,25,0,in_stock,2026-10-07T19:46:22.856102
V017,P008,L,黑色,13900,20,0,in_stock,2026-10-07T19:46:22.856102
V018,P009,M,卡其,11900,5,0,low_stock,2026-09-07T19:46:22.856130
V019,P010,M,灰色,9900,60,-1,in_stock,2026-10-07T19:46:22.856102
V020,P010,L,灰色,9900,55,-1,in_stock,2026-10-07T19:46:22.856102
V021,P011,M,黑色,10900,18,0,in_stock,2026-10-07T19:46:22.856102
V022,P012,M,白色,12900,12,0,in_stock,2026-09-07T19:46:22.856130
V023,P012,L,白色,12900,10,0,in_stock,2026-09-07T19:46:22.856130
V024,P013,M,卡其,25900,15,0,in_stock,2026-10-07T19:46:22.856102
V025,P013,L,卡其,25900,12,0,in_stock,2026-10-07T19:46:22.856102
V026,P014,均码,黑色,32900,8,800,in_stock,2026-10-07T19:46:22.856102
V027,P015,M,蓝色,18900,22,0,in_stock,2026-10-07T19:46:22.856102
V028,P015,L,蓝色,18900,18,0,in_stock,2026-10-07T19:46:22.856102
V029,P016,M,灰色,59900,5,0,in_stock,2026-10-07T19:46:22.856102
V030,P016,L,灰色,59900,3,0,in_stock,2026-10-07T19:46:22.856102
V031,P017,M,白色,14900,30,0,in_stock,2026-10-07T19:46:22.856102
V032,P017,L,白色,14900,25,0,in_stock,2026-10-07T19:46:22.856102
V033,P018,M,棕色,22900,0,0,out_of_stock,2026-09-07T19:46:22.856130
V034,P019,39,白色,19900,45,0,in_stock,2026-10-07T19:46:22.856102
V035,P019,40,白色,19900,40,0,in_stock,2026-10-07T19:46:22.856102
V036,P019,41,白色,19900,35,0,in_stock,2026-10-07T19:46:22.856102
V037,P020,39,黑色,24900,20,0,in_stock,2026-10-07T19:46:22.856102
V038,P020,40,黑色,24900,18,0,in_stock,2026-10-07T19:46:22.856102
V039,P020,41,黑色,24900,15,0,in_stock,2026-10-07T19:46:22.856102
V040,P021,39,棕色,17900,0,0,out_of_stock,2026-10-07T19:46:22.856102
V041,P021,40,棕色,17900,12,0,in_stock,2026-10-07T19:46:22.856102
V042,P021,41,棕色,17900,10,0,in_stock,2026-10-07T19:46:22.856102
V043,P022,39,灰白,22900,25,-1,in_stock,2026-10-07T19:46:22.856102
V044,P022,40,灰白,22900,20,-1,in_stock,2026-10-07T19:46:22.856102
V045,P022,41,灰白,22900,18,-1,in_stock,2026-10-07T19:46:22.856102
V046,P023,39,黑色,26900,0,0,out_of_stock,2026-10-07T19:46:22.856102
V047,P023,40,黑色,26900,0,0,out_of_stock,2026-10-07T19:46:22.856102
V048,P023,41,黑色,26900,0,0,out_of_stock,2026-10-07T19:46:22.856102
V049,P024,39,米色,-1,30,0,in_stock,2026-10-07T19:46:22.856102
V050,P024,40,米色,-1,28,0,in_stock,2026-10-07T19:46:22.856102
V051,P024,41,米色,-1,25,0,in_stock,2026-10-07T19:46:22.856102
V052,P025,均码,黑色,15900,30,0,in_stock,2026-10-07T19:46:22.856102
V053,P026,均码,棕色,12900,40,0,in_stock,2026-10-07T19:46:22.856102
V054,P027,均码,米色,8900,0,0,out_of_stock,2026-09-07T19:46:22.856130
V055,P028,均码,银色,6900,50,0,in_stock,2026-10-07T19:46:22.856102
V056,P029,均码,黑色,-1,20,0,in_stock,2026-10-07T19:46:22.856102
V057,P030,均码,灰色,9900,15,0,in_stock,2026-09-07T19:46:22.856130
