product_id,merchant_id,sku_id,product_name,category,color_tags,material,pattern,silhouette,style_tags,season_tags,scene_tags,image_ref,product_url,sale_status,data_type,rights_status,updated_at,is_sponsor
P001,DEMO-MERCHANT-001,OW-TOP-001,基础纯棉白T恤,上衣,白色,棉,纯色,宽松,休闲,春;夏,上课;日常通勤,demo://OW-TOP-001.png,https://demo.example.com/OW-TOP-001,on_sale,SYNTHETIC_DEMO,demo_placeholder,2026-10-07T19:46:22.856102,0
P002,DEMO-MERCHANT-001,OW-TOP-002,蓝白条纹衬衫,上衣,蓝色;白色,棉混纺,条纹,直筒,正式;休闲,春;秋,面试;答辩;日常通勤,demo://OW-TOP-002.png,https://demo.example.com/OW-TOP-002,on_sale,SYNTHETIC_DEMO,demo_placeholder,2026-10-07T19:46:22.856102,0
P003,DEMO-MERCHANT-001,OW-TOP-003,黑色高领打底衫,上衣,黑色,腈纶混纺,纯色,修身,正式,秋;冬,面试;答辩,demo://OW-TOP-003.png,https://demo.example.com/OW-TOP-003,on_sale,SYNTHETIC_DEMO,demo_placeholder,2026-10-07T19:46:22.856102,0
P004,DEMO-MERCHANT-001,OW-TOP-004,复古印花卫衣,上衣,米色;棕色,棉,印花,宽松,复古;休闲,秋;冬,社团活动;日常通勤,demo://OW-TOP-004.png,https://demo.example.com/OW-TOP-004,on_sale,SYNTHETIC_DEMO,demo_placeholder,2026-10-07T19:46:22.856102,0
P005,DEMO-MERCHANT-001,OW-TOP-005,浅灰休闲西装,外套,灰色,聚酯纤维,纯色,修身,正式,春;秋,面试;答辩,demo://OW-TOP-005.png,,on_sale,SYNTHETIC_DEMO,demo_placeholder,2026-10-07T19:46:22.856102,0
P006,DEMO-MERCHANT-001,OW-TOP-006,联名款OversizeT恤 [赞助],上衣,黑色,棉,印花,Oversize,潮流;休闲,夏,社团活动,demo://OW-TOP-006.png,,on_sale,SYNTHETIC_DEMO,demo_placeholder,2026-10-07T19:46:22.856102,1
P007,DEMO-MERCHANT-001,OW-BTM-001,深蓝直筒牛仔裤,下装,蓝色,棉,纯色,直筒,休闲;正式,春;夏;秋,上课;面试;日常通勤,demo://OW-BTM-001.png,https://demo.example.com/OW-BTM-001,on_sale,SYNTHETIC_DEMO,demo_placeholder,2026-10-07T19:46:22.856102,0
P008,DEMO-MERCHANT-001,OW-BTM-002,黑色修身西裤,下装,黑色,聚酯纤维,纯色,修身,正式,春;秋;冬,面试;答辩,demo://OW-BTM-002.png,https://demo.example.com/OW-BTM-002,on_sale,SYNTHETIC_DEMO,demo_placeholder,2026-10-07T19:46:22.856102,0
P009,DEMO-MERCHANT-001,OW-BTM-003,卡其工装裤,下装,卡其色,棉,纯色,宽松,休闲,春;夏;秋,社团活动;日常通勤,demo://OW-BTM-003.png,https://demo.example.com/OW-BTM-003,off_shelf,SYNTHETIC_DEMO,demo_placeholder,2026-10-07T19:46:22.856102,0
P010,DEMO-MERCHANT-001,OW-BTM-004,灰色束脚运动裤,下装,灰色,聚酯纤维,纯色,宽松,运动;休闲,春;秋;冬,上课;日常通勤,demo://OW-BTM-004.png,https://demo.example.com/OW-BTM-004,on_sale,SYNTHETIC_DEMO,demo_placeholder,2026-10-07T19:46:22.856102,0
P011,DEMO-MERCHANT-001,OW-BTM-005,黑色百褶裙,下装,黑色,聚酯纤维,纯色,A字,正式;休闲,春;夏;秋,面试;社团活动,demo://OW-BTM-005.png,,on_sale,SYNTHETIC_DEMO,demo_placeholder,2026-10-07T19:46:22.856102,0
P012,DEMO-MERCHANT-001,OW-BTM-006,白色高腰阔腿裤,下装,白色,聚酯纤维,纯色,宽松,休闲;正式,春;夏,上课;日常通勤,demo://OW-BTM-006.png,https://demo.example.com/OW-BTM-006,on_sale,SYNTHETIC_DEMO,demo_placeholder,2026-10-07T19:46:22.856102,0
P013,DEMO-MERCHANT-001,OW-OUT-001,卡其色中长款风衣,外套,卡其色,棉,纯色,直筒,正式;休闲,春;秋,面试;日常通勤,demo://OW-OUT-001.png,https://demo.example.com/OW-OUT-001,on_sale,SYNTHETIC_DEMO,demo_placeholder,2026-10-07T19:46:22.856102,0
P014,DEMO-MERCHANT-001,OW-OUT-002,黑色轻薄羽绒服,外套,黑色,聚酯纤维,纯色,修身,正式;休闲,冬,上课;日常通勤,demo://OW-OUT-002.png,https://demo.example.com/OW-OUT-002,on_sale,SYNTHETIC_DEMO,demo_placeholder,2026-10-07T19:46:22.856102,0
P015,DEMO-MERCHANT-001,OW-OUT-003,复古水洗牛仔夹克,外套,蓝色,棉,纯色,宽松,复古;休闲,春;秋,社团活动;日常通勤,demo://OW-OUT-003.png,https://demo.example.com/OW-OUT-003,on_sale,SYNTHETIC_DEMO,demo_placeholder,2026-10-07T19:46:22.856102,0
P016,DEMO-MERCHANT-001,OW-OUT-004,灰色羊毛混纺大衣,外套,灰色,羊毛混纺,纯色,直筒,正式,冬,面试;答辩,demo://OW-OUT-004.png,https://demo.example.com/OW-OUT-004,on_sale,SYNTHETIC_DEMO,demo_placeholder,2026-10-07T19:46:22.856102,0
P017,DEMO-MERCHANT-001,OW-OUT-005,白色运动风衣,外套,白色,聚酯纤维,纯色,宽松,运动;休闲,春;秋,上课;社团活动,demo://OW-OUT-005.png,https://demo.example.com/OW-OUT-005,on_sale,SYNTHETIC_DEMO,demo_placeholder,2026-10-07T19:46:22.856102,0
P018,DEMO-MERCHANT-001,OW-OUT-006,棕色仿皮夹克,外套,棕色,PU,纯色,修身,复古;休闲,秋;冬,社团活动,demo://OW-OUT-006.png,,discontinued,SYNTHETIC_DEMO,demo_placeholder,2026-10-07T19:46:22.856102,0
P019,DEMO-MERCHANT-001,OW-SHO-001,经典白色板鞋,鞋类,白色,帆布,纯色,标准,休闲,春;夏;秋,上课;日常通勤;社团活动,demo://OW-SHO-001.png,https://demo.example.com/OW-SHO-001,on_sale,SYNTHETIC_DEMO,demo_placeholder,2026-10-07T19:46:22.856102,0
P020,DEMO-MERCHANT-001,OW-SHO-002,黑色商务皮鞋,鞋类,黑色,人造革,纯色,标准,正式,春;夏;秋;冬,面试;答辩,demo://OW-SHO-002.png,https://demo.example.com/OW-SHO-002,on_sale,SYNTHETIC_DEMO,demo_placeholder,2026-10-07T19:46:22.856102,0
P021,DEMO-MERCHANT-001,OW-SHO-003,棕色乐福鞋,鞋类,棕色,人造革,纯色,标准,正式;休闲,春;夏;秋,面试;日常通勤,demo://OW-SHO-003.png,https://demo.example.com/OW-SHO-003,on_sale,SYNTHETIC_DEMO,demo_placeholder,2026-10-07T19:46:22.856102,0
P022,DEMO-MERCHANT-001,OW-SHO-004,灰白拼色运动鞋,鞋类,灰色;白色,网面,拼色,标准,运动;休闲,春;夏;秋,上课;社团活动,demo://OW-SHO-004.png,https://demo.example.com/OW-SHO-004,on_sale,SYNTHETIC_DEMO,demo_placeholder,2026-10-07T19:46:22.856102,0
P023,DEMO-MERCHANT-001,OW-SHO-005,黑色马丁靴,鞋类,黑色,PU,纯色,标准,复古;休闲,秋;冬,社团活动;日常通勤,demo://OW-SHO-005.png,,on_sale,SYNTHETIC_DEMO,demo_placeholder,2026-10-07T19:46:22.856102,0
P024,DEMO-MERCHANT-001,OW-SHO-006,复古帆布鞋,鞋类,米色,帆布,纯色,标准,休闲;复古,春;夏,上课;日常通勤,demo://OW-SHO-006.png,https://demo.example.com/OW-SHO-006,on_sale,SYNTHETIC_DEMO,demo_placeholder,2026-10-07T19:46:22.856102,0
P025,DEMO-MERCHANT-001,OW-ACC-001,黑色简约单肩包,包饰,黑色,PU,纯色,标准,正式;休闲,春;夏;秋;冬,上课;面试;日常通勤,demo://OW-ACC-001.png,https://demo.example.com/OW-ACC-001,on_sale,SYNTHETIC_DEMO,demo_placeholder,2026-10-07T19:46:22.856102,0
P026,DEMO-MERCHANT-001,OW-ACC-002,棕色帆布双肩包,包饰,棕色,帆布,纯色,标准,休闲,春;夏;秋;冬,上课;社团活动,demo://OW-ACC-002.png,https://demo.example.com/OW-ACC-002,on_sale,SYNTHETIC_DEMO,demo_placeholder,2026-10-07T19:46:22.856102,0
P027,DEMO-MERCHANT-001,OW-ACC-003,米色托特帆布包,包饰,米色,帆布,纯色,标准,休闲,春;夏;秋,上课;日常通勤,demo://OW-ACC-003.png,,off_shelf,SYNTHETIC_DEMO,demo_placeholder,2026-10-07T19:46:22.856102,0
P028,DEMO-MERCHANT-001,OW-ACC-004,银色链条项链,包饰,银色,合金,纯色,标准,潮流;正式,春;夏;秋;冬,社团活动;面试,demo://OW-ACC-004.png,https://demo.example.com/OW-ACC-004,on_sale,SYNTHETIC_DEMO,demo_placeholder,2026-10-07T19:46:22.856102,0
P029,DEMO-MERCHANT-001,OW-ACC-005,黑色简约皮带,包饰,黑色,PU,纯色,标准,正式;休闲,春;夏;秋;冬,面试;日常通勤,demo://OW-ACC-005.png,https://demo.example.com/OW-ACC-005,on_sale,SYNTHETIC_DEMO,demo_placeholder,2026-10-07T19:46:22.856102,0
P030,DEMO-MERCHANT-001,OW-ACC-006,灰色羊毛围巾,包饰,灰色,羊毛混纺,纯色,标准,正式;休闲,冬,面试;日常通勤,demo://OW-ACC-006.png,https://demo.example.com/OW-ACC-006,on_sale,SYNTHETIC_DEMO,demo_placeholder,2026-10-07T19:46:22.856102,0
